,NAME,LINE,LATITUDE,LONGITUDE,zipcode
0,103rd St,ABC,40.7960610736,-73.9613700822,10025-4403
1,103rd St,466,40.790600333,-73.9474780015,10029
2,103rd St,1,40.7994463339,-73.9683789992,10025
3,103rd St - Corona Plaza,7,40.7498653343,-73.8626999971,11368
4,104th St,AS,40.6817113342,-73.8376829999,11419
5,104th-102nd Sts,JZ,40.6951663319,-73.844434999,11418
6,110th St,466,40.7950203335,-73.944249997,10029
7,111th St,7,40.751730333,-73.8553339973,11368
8,111th St,J,40.6971151444,-73.8367933832,11418
9,111th St,AS,40.6843313334,-73.8321629979,11419
10,116th St,3,40.8020983325,-73.9496250011,10037
11,116th St,466,40.7986293338,-73.9416169983,10037
12,116th St,ABC,40.8050584671,-73.9547977809,10026
13,116th St - Columbia University,1,40.8077223343,-73.9641099979,10027
14,121st St,JZ,40.7004823317,-73.8283489992,11418
15,125th St,4566,40.804138334,-73.9375940002,10035
16,125th St,3,40.8077543328,-73.9454950002,10027
17,125th St,ABCD,40.8110720063,-73.9522479975,10040
18,125th St,1,40.8155813329,-73.9583720009,10115
19,135th St,3,40.8142293335,-73.9407700003,10037
20,135th St,ABC,40.8179058921,-73.9475348083,10030
21,137th St - City College,1,40.8220083326,-73.9536760003,10031
22,138th St - Grand Concourse,5,40.8132243328,-73.9298489995,10451
23,145th St,3,40.820421333,-73.9362449989,10037
24,145th St,1,40.8265513328,-73.9503599981,10031
25,145th St,ABCD,40.8247666941,-73.9440879284,10031
26,149th St - Grand Concourse,5,40.8183304771,-73.9267224746,10451:10455
27,149th St - Grand Concourse,4,40.8183037768,-73.9273847543,10451:10455
29,14th St,ACE,40.7408933336,-74.0016899994,10011
30,14th St,123,40.7378263333,-74.0002010006,10001
28,14th St,FM,40.7382283329,-73.9962089989,10011
31,155th St,BD,40.8301353332,-73.9382089981,10039
32,155th St,AC,40.830518333,-73.9415140003,10040
33,157th St,1,40.8340413335,-73.9448899987,10032
34,15th St - Prospect Park,FG,40.6600360217,-73.9797358061,11215
35,161st St - Yankee Stadium,BD,40.8279053324,-73.9256509975,10452
36,161st St - Yankee Stadium,4,40.8282306606,-73.925691995,10452
37,163rd St - Amsterdam Av,AC,40.8360133326,-73.9398920016,10032
38,167th St,BD,40.8337693321,-73.9184320008,10452
39,167th St,4,40.835537333,-73.9213999976,10452
40,168th St,1,40.8405563329,-73.9401329989,10031
41,168th St,AC,40.8407193335,-73.9395609999,10040
42,169th St,F,40.7105178364,-73.7934741978,11427
43,170th St,4,40.8400753328,-73.9177909971,10468
44,170th St,BD,40.8393063333,-73.913399998,10452
45,174th St,5,40.8371958833,-73.8876935975,10460
46,174th-175th Sts,BD,40.8459003336,-73.910136,10453
47,175th St,A,40.847391334,-73.9397039967,10033
48,176th St,4,40.8484803342,-73.9117939981,10468
49,181st St,A,40.8516953327,-73.9379690016,10040
50,181st St,1,40.8495053333,-73.9335959998,10033
51,182nd-183rd Sts,BD,40.8560933319,-73.9007409993,10457-2919
52,183rd St,4,40.8584073335,-73.9038790007,10468
55,18th Ave,F,40.6297550001,-73.9769709999,11223
53,18th Ave,N,40.6206873312,-73.9904539986,11204
54,18th Ave,D,40.6077360652,-74.0015925925,11204
56,18th St,2,40.741040333,-73.9978710011,10001
57,190th St,A,40.8590223322,-73.9341799994,10040
58,191st St,1,40.855225335,-73.9294119976,10040
59,1st Ave,L,40.7309753088,-73.9816808751,10009
60,207th St,1,40.8646143337,-73.9188190007,10034
61,20th Ave,N,40.617109333,-73.9845219984,11204
62,20th Ave,D,40.6046773311,-73.998174321,11214
63,215th St,1,40.8694443329,-73.9152789993,10034
64,219th St,5,40.8838883075,-73.8625097075,10469
65,21st St,G,40.744129,-73.9495999994,11109
66,21st St - Queensbridge,F,40.753739604,-73.9419376138,11101
67,225th St,5,40.8880285916,-73.8602146169,10470
68,231st St,1,40.8788563319,-73.9048340004,10463
69,233rd St,5,40.8931435751,-73.8573623943,10466
70,238th St,1,40.8846673343,-73.9008699994,10463
73,23rd St,2,40.7440813329,-73.995657002,10011
72,23rd St,NR,40.7413030002,-73.9893440005,10010
75,23rd St,FM,40.7429546509,-73.9927650045,10019
74,23rd St,ACE,40.745906333,-73.9980410006,10011
71,23rd St,466,40.7398643336,-73.9865990018,10010
76,23rd St - Ely Av,EM,40.7477684548,-73.9460547027,11101
77,25th Ave,D,40.5977040002,-73.9868290002,11223
78,25th St,DNR,40.6603970003,-73.9980909998,11232
79,28th St,466,40.7430703328,-73.9842640015,10016
80,28th St,2,40.7472153324,-73.9933650014,10001
81,28th St,NR,40.7454543333,-73.9886980007,10019
82,30th Ave,NQ,40.7667789997,-73.9214790001,11101
83,33rd St,466,40.7460813322,-73.9820760012,10016
84,33rd St,7,40.7445873336,-73.9309969987,11101
85,34th St - Penn Station,123,40.7503733336,-73.9910569993,10199
86,34th St - Penn Station,ACE,40.7522873341,-73.9933909993,10017
87,36th Ave,NQ,40.7564423334,-73.9298619983,11101
88,36th St,DNR,40.6551439998,-74.0035489996,11209
89,36th St,EMR,40.7519603775,-73.9290181847,11101
90,39th Ave,NQ,40.7527633946,-73.9328513761,11101
91,3rd Ave,L,40.7326913326,-73.985750001,10003
92,3rd Ave - 138th St,66,40.8104763345,-73.9261380002,10454
93,3rd Ave - 149th St,5,40.8160295857,-73.917791527,10455
94,40th St,7,40.7437813347,-73.9240159981,11104
95,42nd St - Bryant Pk,BDFM,40.7541843346,-73.9845909984,10019
96,42nd St - Port Authority Bus Term,ACE,40.7573083318,-73.9897350004,10036
97,45th Rd - Court House Sq,77,40.7470233319,-73.9452640007,11101
98,45th St,NR,40.6489389999,-74.0100060004,11220
99,46th St,EMR,40.756317286,-73.9135217501,11103
100,46th St,7,40.7431323341,-73.9184350006,11104
101,47th-50th Sts - Rockefeller Ctr,BDFM,40.7586413347,-73.9813310021,10036
102,49th St,NQR,40.759802307,-73.9842095658,10019
103,4th Ave,FG,40.6702720006,-73.9897789997,11215
104,50th St,ACE,40.7624563326,-73.985984,10019
105,50th St,D,40.6362612244,-73.9946587801,11219
106,50th St,2,40.7617283331,-73.9838489999,10107
107,51st St,466,40.7571073331,-73.9719200001,10037
108,52nd St,7,40.7441493344,-73.9125489981,11377
109,53rd St,NR,40.6450690005,-74.0140340005,11220
110,55th St,D,40.6314790944,-73.9953488255,11214
111,57th St,F,40.7640853339,-73.9773680013,10019
112,57th St,NQR,40.7645658585,-73.9807297331,10019
113,59th St,NR,40.6413619994,-74.0178809997,11220
114,59th St - Columbus Circle,2,40.7682473339,-73.9819290017,10034
115,59th St - Columbus Circle,ABCD,40.768249865,-73.9816487234,10107
116,5th Ave - 53rd St,EM,40.760087166,-73.9752485047,10022
117,5th Ave - 59th St,NQR,40.7648113328,-73.9733470002,10153
118,5th Ave - Bryant Pk,77,40.7538213336,-73.9819629987,
119,62nd St,D,40.6262247961,-73.9968572505,11228
120,63rd Dr - Rego Park,EMR,40.7297643055,-73.8616182003,11374-2756
121,65th St,EMR,40.7497198627,-73.8987883777,11377
122,66th St - Lincoln Ctr,2,40.7734403342,-73.9822090004,10034
123,67th Ave,EMR,40.7265058093,-73.8528604837,11375
124,68th St - Hunter College,466,40.7681413339,-73.9638700015,10065
125,69th St,7,40.7463253328,-73.8964029984,11377
126,6th Ave,L,40.7377418031,-73.9977507887,10011
127,71st St,D,40.619259043,-73.9988409491,11204
128,72nd St,123,40.778453334,-73.981970001,10023
129,72nd St,ABC,40.775519731,-73.9763365755,10023
130,74th St - Broadway,7,40.7468679074,-73.8912051284,11372
131,75th Ave,EF,40.7180449871,-73.8369236932,11375
132,75th St - Eldert Ln,JZ,40.6912903346,-73.8672879988,11421
133,77th St,R,40.6297420002,-74.0255099996,11209
134,77th St,466,40.773620334,-73.9598739981,10037
135,79th St,2,40.7839343327,-73.9799170004,10024
136,79th St,D,40.6131592593,-74.0005828739,11214
137,7th Ave,BDE,40.7629704855,-73.9816978238,10019
138,7th Ave,BQ,40.6771025129,-73.9728527915,11217
139,7th Ave,FG,40.6662450237,-73.9802511789,11215
140,80th St,AS,40.6793713346,-73.8589920012,11419
141,81st St,ABC,40.7813464177,-73.9720979494,10024
142,82nd St - Jackson Hts,7,40.7476593332,-73.8836969999,11372
143,85th St - Forest Pky,J,40.692427333,-73.8600869993,11421
144,86th St,R,40.6226870003,-74.0283980003,11209
145,86th St,4566,40.7794923318,-73.9555889998,10028
146,86th St,ABC,40.7858233797,-73.9688284946,10024
147,86th St,2,40.788644334,-73.9762179981,10024
148,88th St,AS,40.6798433344,-73.8514699989,11419
149,8th Ave,N,40.6349713328,-74.0115159974,11220
150,8th Ave,L,40.7397770001,-74.0025780005,100014
151,8th St - NYU,NR,40.730465332,-73.9925079989,10003
152,90th St - Elmhurst Av,7,40.748408334,-73.8766129989,11372
153,96th St,466,40.7856723335,-73.9510700007,10037
154,96th St,ABC,40.7916191312,-73.9646024566,10025
155,96th St,123,40.7939193344,-73.9723229995,10025
156,9th Ave,D,40.6464844108,-73.9944487441,11219
157,9th St,DNR,40.6708470002,-73.9883019997,11209
158,Alabama Ave,J,40.6769983336,-73.898526001,11208
159,Allerton Ave,5,40.8654837116,-73.8672342278,10467
160,Aqueduct - North Conduit Av,A,40.6682343346,-73.8340579988,11417
161,Aqueduct Racetrack (To Manh Only),A,40.6720973323,-73.8359189988,11417
162,Astor Pl,466,40.7300543338,-73.991069999,10003
163,Astoria - Ditmars Blvd,NQ,40.7750359997,-73.9120340002,11101
164,Astoria Blvd,NQ,40.7700373325,-73.9180950008,11102
165,Atlantic Av - Pacific St,DNR,40.6836660005,-73.9788099993,11217
166,Atlantic Ave,L,40.6753449994,-73.9030969992,11207
167,Atlantic Ave,2345,40.6844204985,-73.9775499355,11217
168,Atlantic Ave,BQ,40.6844886564,-73.9767834393,11217
169,Ave H,BQ,40.6292087105,-73.9615179387,11230
170,Ave I,F,40.6250177735,-73.9760693319,11223
171,Ave J,BQ,40.6250231529,-73.9606931625,11234
172,Ave M,BQ,40.6173980782,-73.9592431048,11229
173,Ave N,F,40.6143570453,-73.9740485091,11223
174,Ave P,F,40.6088431426,-73.9730028153,11223
176,Ave U,BQ,40.5993092846,-73.9558112232,11235
177,Ave U,F,40.5959251592,-73.973376419,11223
175,Ave U,N,40.5972363336,-73.9790840009,11223
178,Ave X,F,40.5894499998,-73.9742659993,11223
179,Bay 50th St,D,40.5888409999,-73.9837650003,11224
180,Bay Pky,N,40.611456123,-73.9817800102,11204
181,Bay Pky,D,40.6019507952,-73.9936761997,11214
182,Bay Pky,F,40.6207319562,-73.9752569776,11223
183,Bay Ridge - 95th St,R,40.6166220006,-74.0308760006,11209
184,Bay Ridge Ave,R,40.6349670003,-74.0233769992,11209
185,Baychester Ave,5,40.8786633337,-73.8385909978,10469
186,Beach 105th St,AS,40.583268771,-73.8275807493,11693
187,Beach 25th St,A,40.6000663342,-73.7613529967,11691
188,Beach 36th St,A,40.5953983346,-73.7681749979,11692
189,Beach 44th St,A,40.5929433326,-73.7760129989,11691
190,Beach 60th St,A,40.5923743346,-73.7885219972,11692
191,Beach 67th St,A,40.5909273343,-73.796923999,12692
192,Beach 90th St,AS,40.5880918977,-73.8136514029,11693
193,Beach 98th St,AS,40.5853860243,-73.8205205887,11694
194,Bedford - Nostrand Aves,G,40.6896273349,-73.9535219999,11221
195,Bedford Ave,L,40.7171743323,-73.9566649984,11211
196,Bedford Park Blvd,BD,40.8732443317,-73.8871379987,10458
197,Bedford Park Blvd - Lehman College,4,40.8734123327,-73.8900640006,10458
198,Bergen St,234,40.6808624705,-73.974999151,11213
199,Bergen St,FG,40.686110881,-73.9907564955,11201
200,Beverly Rd,5,40.6451238527,-73.9488479834,11203
201,Beverly Rd,BQ,40.6439049317,-73.9643577955,11226
202,Bleecker St (Downtown),466,40.7259312382,-73.9946746783,10012
203,Bleecker St (Uptown),466,40.7259149997,-73.9946590001,10012-3332
204,Borough Hall,5,40.6924043331,-73.9901510006,11201
205,Borough Hall,3,40.6932193327,-73.9899979991,11201
206,Botanic Garden,S,40.670343,-73.9592449998,11213
207,Bowery,JZ,40.7202472167,-73.9938069067,10002
208,Bowling Green,5,40.7049143325,-74.0140079985,10003
209,Briarwood - Van Wyck Blvd,EF,40.7091621489,-73.8206926355,11415
210,Brighton Beach,BQ,40.5777105298,-73.9613537857,11235
211,Broad Channel,AS,40.608402514,-73.8158326868,11693
212,Broad St,JZ,40.7064763341,-74.0110560005,10004
213,Broadway,G,40.7061269098,-73.950312256,11211
214,Broadway,NQ,40.761432332,-73.9258229986,11106
215,Broadway - Lafayette St,BDFM,40.7252973323,-73.9962039984,10002
216,Broadway - Nassau St,AC,40.7101624987,-74.0076230934,10279
218,Broadway Junction,L,40.678456582,-73.9031175784,11207
219,Broadway Junction,JZ,40.6793663346,-73.9042899974,11207
217,Broadway Junction,AC,40.6783339998,-73.9053160003,11233
220,Bronx Park East,5,40.8487689998,-73.8683560912,10462
221,Brook Ave,6,40.8075663333,-73.9192399982,10454
222,Brooklyn Bridge - City Hall,4566,40.713065333,-74.0041310011,10000
223,Brooklyn College - Flatbush Ave,5,40.6328427405,-73.9475412072,11210
224,Buhre Ave,66,40.8468103326,-73.8325689992,10461
225,Burke Ave,5,40.8712591356,-73.8670536168,10470
226,Burnside Ave,4,40.8534533344,-73.9076840007,10453
227,Bushwick - Aberdeen,L,40.6828609585,-73.9052617623,11207
228,Canal St,NR,40.7194653348,-74.0018259997,10003
232,Canal St,2,40.7228543313,-74.0062770002,10014
229,Canal St,JZ,40.71817421,-73.9998263856,10013
231,Canal St,NQ,40.7188145968,-74.0010547125,10013
230,Canal St,466,40.7188033347,-74.000192999,10013
233,Canal St - Holland Tunnel,ACE,40.7208243331,-74.0052290019,10019
234,Canarsie - Rockaway Pkwy,L,40.6466540004,-73.9018499999,11236
235,Carroll St,FG,40.6802736847,-73.9949469798,11231
236,Castle Hill Ave,66,40.8342553318,-73.8512219992,10461
237,Cathedral Pkwy (110th St),ABC,40.8005818916,-73.9580667066,10026
238,Cathedral Pkwy (110th St),1,40.803967333,-73.9668470001,10025
239,Central Ave,M,40.6978733334,-73.9272429983,11237
240,Central Park North (110th St),3,40.7990753328,-73.9518220011,10026
241,Chambers St,JZ,40.7132341227,-74.0034067309,10000
242,Chambers St,123,40.7154783332,-74.0092660017,10012
243,Chambers St,AC,40.7141113341,-74.0085847361,10007
244,Chauncey St,JZ,40.6828516345,-73.9103835693,11233
245,Christopher St - Sheridan Sq,2,40.733422334,-74.0029059989,10014
248,Church Ave,5,40.6508610207,-73.9494551403,11203
246,Church Ave,BQ,40.6504935799,-73.9628824614,11226
247,Church Ave,FG,40.6442723335,-73.9797211617,11218
249,City Hall,NR,40.7132726645,-74.0069858179,10003
250,Clark St,3,40.697466333,-73.9930859983,11201
251,Classon Ave,G,40.6888893337,-73.9599900013,11238
252,Cleveland St,J,40.6797783323,-73.8851940012,11208
253,Clinton - Washington Aves,G,40.6880943346,-73.9667959983,11221
254,Clinton - Washington Aves,AC,40.6832633329,-73.9658379987,11207
255,Coney Island - Stillwell Av,DFNQ,40.5772813334,-73.9812359986,11224
256,Cortelyou Rd,BQ,40.6409404987,-73.9637900549,11226
257,Cortlandt St (NB only),NR,40.7105133177,-74.0111319648,10007
258,Cortlandt St (Temporarily Closed),1,40.7118353345,-74.0121880007,
259,Court St,NR,40.6941968141,-73.9918183091,11201
260,Crescent St,JZ,40.6831529905,-73.8739292519,11208
261,Crown Hts - Utica Ave,4,40.6689786444,-73.9329325607,11213
262,Cypress Ave,6,40.8053683344,-73.9140419994,10454
263,Cypress Hills,J,40.6896163342,-73.8733219983,11208
264,DeKalb Ave,L,40.7036933326,-73.9182320015,11237
265,DeKalb Ave,BDNQR,40.6906350003,-73.9818240004,11201
266,Delancey St,F,40.7186810757,-73.9880780684,10002
267,Ditmas Ave,F,40.6361189998,-73.9781719999,11223
268,Dyckman St,A,40.8654913325,-73.9272709991,10040
269,Dyckman St,1,40.8605313346,-73.9255359998,10040
270,E 105th St,L,40.6504691184,-73.8995476931,11236
271,E 143rd St - St Mary's St,6,40.8087193341,-73.9076569988,10454
272,E 149th St,6,40.8121183317,-73.904097998,10458
273,E 180th St,5,40.8418633745,-73.8733460943,10460
274,East Broadway,F,40.7138553341,-73.9901770012,10002
275,Eastchester - Dyre Ave,5,40.8883003325,-73.8308340008,10466
276,Eastern Pkwy - Bklyn Museum,234,40.6720325689,-73.964222037,11238
277,Elder Ave,6,40.8285843346,-73.8791589978,10472
278,Elmhurst Ave,EMR,40.742370413,-73.8820347459,11373
279,Essex St,JMZ,40.7183063891,-73.9874094023,10002
280,Euclid Ave,ACS,40.6753773319,-73.8721059999,11208
281,Far Rockaway - Mott Ave,A,40.6039953347,-73.7554049979,11691
282,Flushing - Main St,77,40.7596003324,-73.8300300018,111354
283,Flushing Ave,JM,40.7004047367,-73.9413773483,11206
284,Flushing Ave,G,40.7003769995,-73.9502340005,11211
285,Fordham Rd,4,40.8628033332,-73.9010339983,10468
286,Fordham Rd,BD,40.8612963318,-73.8977490008,10468
287,Forest Ave,M,40.704412334,-73.9030749999,11385
288,Forest Hills - 71st Av,EFMR,40.7215946429,-73.8445167192,11375
289,Franklin Ave,2345,40.6707654865,-73.9580997366,11213
290,Franklin Ave,AC,40.6813799998,-73.9568479998,11238
291,Franklin Ave - Fulton St,S,40.6805959994,-73.9558270011,11216
292,Franklin St,2,40.7193183342,-74.0068860023,10013
293,Freeman St,5,40.8299877799,-73.8917522529,10459
294,Fresh Pond Rd,M,40.706226332,-73.8958980009,11385
295,Ft Hamilton Pkwy,N,40.6313860001,-74.0053510007,11204
296,Ft Hamilton Pkwy,D,40.6409130446,-73.9942022375,11219
297,Ft Hamilton Pkwy,FG,40.650782001,-73.9757759989,11218
298,Fulton St,G,40.6871193327,-73.9753749987,11221
299,Fulton St,5,40.7103683319,-74.0095089987,10038
300,Fulton St,3,40.7094163323,-74.0065710002,10038
301,Fulton St,JZ,40.7100229996,-74.0079380009,10279
302,Gates Ave,JZ,40.6895843326,-73.9221560006,11207
303,Graham Ave,L,40.7145763315,-73.9439439979,11211
304,Grand Army Plaza,234,40.6752950288,-73.9709563314,11238
305,Grand Ave - Newtown,EMR,40.7368137512,-73.8772208559,11373
306,Grand Central - 42nd St,S,40.7527690002,-73.979189,10017
307,Grand Central - 42nd St,4566,40.7518077631,-73.9767132994,10017
308,Grand Central - 42nd St,77,40.7514313335,-73.9760410012,10037
309,Grand St,BD,40.7182673329,-73.9937529993,10002
310,Grand St,L,40.7115763338,-73.940496999,11206
311,Grant Ave,AS,40.6770443339,-73.8650499981,11208
312,Gravesend - 86th St,N,40.5924653339,-73.9781889998,11223
313,Greenpoint Ave,G,40.7312673327,-73.9544250018,11222
314,Gun Hill Rd,5,40.8778397187,-73.8661341042,10467
315,Gun Hill Rd,5,40.8695263329,-73.846384001,10469
316,Halsey St,J,40.6864156044,-73.916638884,11221
317,Halsey St,L,40.6955183345,-73.9039340005,11385
318,Harlem - 148 St,3,40.8238803341,-73.9364699999,10039
319,Herald Sq - 34th St,BDFM,40.7497897329,-73.9877718902,10001
320,Herald Sq - 34th St,NQR,40.7496448931,-73.9879368332,10001
321,Hewes St,JM,40.7068903312,-73.9534880004,11211
322,High St,AC,40.6993373327,-73.990531001,11201
323,Houston St,2,40.7282513336,-74.0053670018,10014
324,Howard Beach - JFK Airport,A,40.6604763331,-73.8303009993,11414
325,Hoyt - Schermerhorn Sts,ACG,40.6884088095,-73.98503624,11201
326,Hoyt St,3,40.6905445185,-73.9850637961,11207
327,Hunters Point Ave,77,40.7422163333,-73.9489160012,11101
328,Hunts Point Ave,66,40.8209483319,-73.8905489998,10459
329,Intervale Ave,5,40.8221424644,-73.8966173836,10459
330,Inwood - 207th St,A,40.8680723333,-73.9198990008,10034
331,Jackson Ave,5,40.8164377998,-73.9077019385,10459
332,Jackson Hts - Roosevelt Av,EFMR,40.7465400245,-73.891298665,11372
333,Jamaica - 179th St,F,40.7126459999,-73.7838170004,11427
334,Jamaica - Van Wyck,E,40.7028988866,-73.8170128703,11418
335,Jamaica Ctr - Parsons / Archer,EJZ,40.7020677092,-73.801096322,11451
336,Jay St - Borough Hall,ACF,40.6924709704,-73.9872181531,11201
337,Jefferson St,L,40.7066069994,-73.9229129995,11385
338,Junction Blvd,77,40.7491453327,-73.8695269998,11368
339,Junius St,4,40.6635893349,-73.902448641,11207
340,Kew Gardens - Union Tpke,EF,40.7140351529,-73.8303702702,11415
341,Kings Hwy,F,40.6032587388,-73.9723553083,11223
342,Kings Hwy,BQ,40.6086389784,-73.9576087354,11229
343,Kings Hwy,N,40.6040593334,-73.9803730021,11223
344,Kingsbridge Rd,4,40.8677603337,-73.897174001,10468
345,Kingsbridge Rd,BD,40.8669783333,-73.893509,10468
346,Kingston - Throop Aves,AC,40.6799193329,-73.9408589984,11207
347,Kingston Ave,4,40.6694817816,-73.9421597833,11225
348,Knickerbocker Ave,M,40.6986603348,-73.919720001,11237
349,Kosciuszko St,J,40.6931723342,-73.9285089986,11207
350,Lafayette Ave,AC,40.6861133333,-73.9739459982,11217
351,Lawrence St,NR,40.6922557294,-73.9860566783,11201
352,Lexington Ave - 53rd St,EM,40.7574686416,-73.9690723742,10035
353,Lexington Ave - 59th St,NQR,40.7627091887,-73.9673750166,10022
354,Lexington Ave - 59th St,4566,40.7625263339,-73.9679670007,10037
355,Lexington Ave - 63rd St,F,40.7646184282,-73.9660896434,10021
356,Liberty Ave,AC,40.6745423329,-73.8965480008,11207
357,Livonia Ave,L,40.6640576042,-73.9005623716,11207
358,Long Island City - Court Sq,G,40.7463053671,-73.9438155956,11101
359,Longwood Ave,6,40.8161043336,-73.8964349986,10455
360,Lorimer St,L,40.7140723342,-73.9502480002,11211
361,Lorimer St,JM,40.7038443338,-73.9473549981,11207
362,Lower East Side - 2nd Ave,F,40.7234019995,-73.9899379995,10002
363,Marble Hill - 225th St,1,40.8745613328,-73.9098309989,10463
364,Marcy Ave,JMZ,40.7083833336,-73.957832,11211
365,Metropolitan Ave,G,40.7127743343,-73.9514239996,11211
366,Mets - Willets Point,77,40.7546223325,-73.8456249979,111354
367,Middle Village - Metropolitan Ave,M,40.7114316383,-73.8895772298,11385
368,Middletown Rd,66,40.8438633347,-73.8363219973,10461
369,Montrose Ave,L,40.7073913973,-73.9397928465,11206
370,Morgan Ave,L,40.7061520001,-73.933147,11206
371,Morris Park,5,40.8543643327,-73.860495,10462
372,Morrison Av - Soundview,6,40.8295213351,-73.8745159988,10472
373,Mosholu Pkwy,4,40.879750333,-73.8846549999,10467
374,Mt Eden Ave,4,40.8444343338,-73.9146849986,10452
375,Myrtle Ave,JMZ,40.6971953336,-73.9356230004,11206
376,Myrtle Ave,L,40.6994713953,-73.9109757178,11237
377,Myrtle-Willoughby Aves,G,40.6946193326,-73.9490669983,11216
378,Nassau Ave,G,40.7244803312,-73.9511829998,11222
379,Neck Rd,BQ,40.5953220246,-73.9550782745,11235
380,Neptune Ave,F,40.5807390915,-73.974592728,11224-9993
381,Nereid Ave (238 St),5,40.8982868491,-73.85431531,10466
382,Nevins St,2345,40.6883109131,-73.9804067987,11217
383,New Lots Ave,L,40.6589151069,-73.8992779601,11207
384,New Lots Ave,4,40.6663152656,-73.8841107079,11207
385,New Utrecht Ave,N,40.6248420002,-73.9963530005,11204
386,Newkirk Ave,BQ,40.6351422704,-73.9626948685,11226
387,Newkirk Ave,5,40.639991576,-73.9482999075,11203
388,Northern Blvd,EMR,40.752825163,-73.9060650803,11377
389,Norwood - 205th St,D,40.8748113337,-73.8788549985,10467
390,Norwood Ave,JZ,40.6815203339,-73.8796259983,11208
391,Nostrand Ave,4,40.669938484,-73.9504262489,11213
392,Nostrand Ave,AC,40.6804383331,-73.9504260005,11216
393,Ocean Pkwy,Q,40.5763120006,-73.968501,11235
394,Ozone Park - Lefferts Blvd,AS,40.685951332,-73.8257979984,11420
395,Park Pl,S,40.6747719999,-73.9576240003,11233
396,Park Pl,3,40.7130513322,-74.0088109999,10007
397,Parkchester,66,40.8332263322,-73.860816,10472
398,Parkside Ave,BQ,40.6550733747,-73.96145344,11226
399,Parsons Blvd,F,40.7075723333,-73.8032889988,11427
400,Pelham Bay Park,66,40.8524623331,-73.828121,10461
401,Pelham Pkwy,5,40.8571927425,-73.8674806776,10469
402,Pelham Pkwy,5,40.8589853329,-73.8553590001,10469
403,Pennsylvania Ave,4,40.6647147844,-73.8948859112,11207
404,President St,5,40.6678839366,-73.9505892006,11225
405,Prince St,NR,40.7243289992,-73.9977020001,10003
406,Prospect Ave,DNR,40.6654140001,-73.9928720006,11215
407,Prospect Ave,5,40.8194875978,-73.9017777862,10455
408,Prospect Park,BQS,40.6616337882,-73.9620313045,11225
409,Queens Plz,EMR,40.7489180531,-73.9371382393,11101
410,Queensboro Plz,77NW,40.7506359844,-73.9401635344,11101
411,Ralph Ave,AC,40.6788223345,-73.9207859992,11233
412,Rector St,NR,40.70774509,-74.0129745624,10006
413,Rector St,1,40.707513333,-74.0137830008,10006
414,Rockaway Ave,AC,40.6783403332,-73.9119459973,11233
415,Rockaway Ave,4,40.662617821,-73.9089583356,11212
416,Rockaway Blvd,AS,40.6804293334,-73.8438529971,11419
417,Rockaway Park - Beach 116 St,AS,40.5809561992,-73.835590086,11694
418,Roosevelt Island - Main St,F,40.7591723333,-73.953235,10044
419,Saratoga Ave,4,40.6615301232,-73.9163302497,11212
420,Seneca Ave,M,40.7029193326,-73.9075819984,11385
421,Sheepshead Bay,BQ,40.5865478801,-73.9540579118,11235
422,Shepherd Ave,AC,40.6741303349,-73.8807499971,11207
423,Simpson St,5,40.8239771749,-73.8930663947,10472
424,Smith - 9th Sts,FG,40.6736413946,-73.9958917276,11215
425,South Ferry,1,40.701730841,-74.0131689598,
426,Spring St,ACE,40.726227335,-74.0037389987,10012
427,Spring St,466,40.7223013333,-73.9971409995,10012-3332
428,St Lawrence Ave,6,40.8315093341,-73.8676179983,10472
429,Steinway St,EMR,40.7569876927,-73.920526471,11103
430,Sterling St,5,40.662773327,-73.9507289115,11225
431,Sutphin Blvd,F,40.7054183325,-73.8108329983,11427
432,Sutphin Blvd - Archer Av,EJZ,40.7003827575,-73.8080047192,11435
433,Sutter Ave,L,40.6691453338,-73.9019159996,11207
434,Sutter Ave - Rutland Road,4,40.6647671222,-73.9225211851,11212
435,Times Sq - 42nd St,123,40.7552903332,-73.9874950004,10036
436,Times Sq - 42nd St,77,40.755477335,-73.9876909977,10036
437,Times Sq - 42nd St,NQR,40.7546123322,-73.986768002,10036
438,Times Sq - 42nd St,S,40.7559833335,-73.9862289999,
439,Tremont Ave,BD,40.8504103332,-73.9052270009,10457-2919
441,Union Sq - 14th St,4566,40.7346733346,-73.9899509989,10003
442,Union Sq - 14th St,L,40.7347636455,-73.9906697694,10003
440,Union Sq - 14th St,NQR,40.7358726006,-73.9905388617,10003
443,Union St,DNR,40.6773160005,-73.9831099993,11217
444,Utica Ave,AC,40.679364333,-73.9307289985,11207
445,Van Cortlandt Park - 242nd St,1,40.8892483335,-73.8985829998,10463
446,Van Siclen Ave,AC,40.6727103321,-73.8903579998,11207
447,Van Siclen Ave,JZ,40.6780285481,-73.891657726,11207
448,Van Siclen Ave,4,40.6655182967,-73.8894049163,11207
449,Vernon Blvd - Jackson Ave,77,40.7426263326,-73.9535809988,11101
450,W 4th St - Washington Sq (Lower),BDFM,40.7322548265,-74.0003081471,10011
451,W 4th St - Washington Sq (Upper),ACE,40.7323383314,-74.0004950023,10014
452,W 8th St - NY Aquarium,FQ,40.5760341512,-73.975957874,11224
453,Wakefield - 241st St,2,40.9031253341,-73.8506199984,10470
454,Wall St,5,40.7075573344,-74.0118619992,10003
455,Wall St,3,40.7068213328,-74.009099999,10038
456,West Farms Sq - E Tremont Av,5,40.8402079654,-73.8799612781,10460
457,Westchester Sq - E Tremont Ave,66,40.8398923344,-73.8429519984,10461
458,Whitehall St,NR,40.7031427074,-74.0130072374,10004
459,Whitlock Ave,6,40.8265253338,-73.8862829983,10459
460,Wilson Ave,L,40.6888668753,-73.9039586049,11207
461,Winthrop St,5,40.6566596475,-73.9500793454,11225
462,Woodhaven Blvd,JZ,40.6937043325,-73.852051997,11417
463,Woodhaven Blvd - Queens Mall,EMR,40.7330977072,-73.869432085,11374-2756
464,Woodlawn,4,40.8860373331,-73.8787509989,10468
465,Woodside - 61st St,77,40.745630334,-73.9029840009,11377
466,World Trade Center,E,40.7125642601,-74.0097446148,10007
467,Wyckoff Ave,M,40.6994543346,-73.9121789988,11385
468,York St,F,40.6997430009,-73.9868849998,11201
469,Zerega Ave,66,40.8364883337,-73.847035998,10462
